-- phpMyAdmin SQL Dump
-- version 5.2.1
-- https://www.phpmyadmin.net/
--
-- Host: 127.0.0.1
-- Waktu pembuatan: 30 Jun 2023 pada 16.22
-- Versi server: 10.4.28-MariaDB
-- Versi PHP: 8.2.4

SET SQL_MODE = "NO_AUTO_VALUE_ON_ZERO";
START TRANSACTION;
SET time_zone = "+00:00";


/*!40101 SET @OLD_CHARACTER_SET_CLIENT=@@CHARACTER_SET_CLIENT */;
/*!40101 SET @OLD_CHARACTER_SET_RESULTS=@@CHARACTER_SET_RESULTS */;
/*!40101 SET @OLD_COLLATION_CONNECTION=@@COLLATION_CONNECTION */;
/*!40101 SET NAMES utf8mb4 */;

--
-- Database: `db_toko`
--

-- --------------------------------------------------------

--
-- Struktur dari tabel `barang`
--

CREATE TABLE `barang` (
  `id` int(11) UNSIGNED NOT NULL,
  `nama` varchar(50) DEFAULT NULL,
  `harga` float DEFAULT NULL,
  `jumlah` int(11) DEFAULT NULL,
  `keterangan` varchar(100) DEFAULT NULL,
  `foto` varchar(225) DEFAULT NULL
) ENGINE=InnoDB DEFAULT CHARSET=latin1 COLLATE=latin1_swedish_ci;

--
-- Dumping data untuk tabel `barang`
--

INSERT INTO `barang` (`id`, `nama`, `harga`, `jumlah`, `keterangan`, `foto`) VALUES
(1, 'Indomie Goreng', 48888, 50, 'Indomie Seleraku', 'indomie-mi-goreng-special_detail_094906814 (1).png'),
(2, 'Sari Roti Kismis', 5000, 100, 'Roti Single', 'roti_tawar_raisin1.jpg'),
(3, 'Susu Ultra', 5000, 100, 'Susu UHT', 'e31f03c4-8216-425d-8279-b7cee6e75cf8.jpg'),
(4, 'Dji Sam Soe Refill', 20000, 24, 'Ududnya Orang NU', 'dji-sam-soe-234-premium-12-285587.jpg');

-- --------------------------------------------------------

--
-- Struktur dari tabel `transaksi`
--

CREATE TABLE `transaksi` (
  `id` int(11) NOT NULL,
  `username` varchar(100) DEFAULT NULL,
  `total_harga` double DEFAULT NULL,
  `alamat` varchar(225) DEFAULT NULL,
  `ongkir` double DEFAULT NULL,
  `status` int(1) DEFAULT NULL,
  `created_by` varchar(100) DEFAULT NULL,
  `created_date` datetime DEFAULT NULL
) ENGINE=InnoDB DEFAULT CHARSET=utf8mb4 COLLATE=utf8mb4_general_ci;

--
-- Dumping data untuk tabel `transaksi`
--

INSERT INTO `transaksi` (`id`, `username`, `total_harga`, `alamat`, `ongkir`, `status`, `created_by`, `created_date`) VALUES
(1, 'oka', 22000, 'Jl Imam Bonjol', 9000, 0, 'oka', '2023-06-26 09:57:21'),
(2, 'oka', 21000, 'Jl Imam Bonjol', 13000, 0, 'oka', '2023-06-26 10:31:15');

-- --------------------------------------------------------

--
-- Struktur dari tabel `transaksi_detail`
--

CREATE TABLE `transaksi_detail` (
  `id` int(11) NOT NULL,
  `id_transaksi` int(11) DEFAULT NULL,
  `id_barang` int(11) DEFAULT NULL,
  `jumlah` double DEFAULT NULL,
  `diskon` double DEFAULT NULL,
  `subtotal_harga` double DEFAULT NULL,
  `created_by` varchar(100) DEFAULT NULL,
  `created_date` datetime DEFAULT NULL
) ENGINE=InnoDB DEFAULT CHARSET=utf8mb4 COLLATE=utf8mb4_general_ci;

--
-- Dumping data untuk tabel `transaksi_detail`
--

INSERT INTO `transaksi_detail` (`id`, `id_transaksi`, `id_barang`, `jumlah`, `diskon`, `subtotal_harga`, `created_by`, `created_date`) VALUES
(1, 1, 1, 1, 0, 3000, 'oka', '2023-06-26 09:57:21'),
(2, 1, 2, 1, 0, 5000, 'oka', '2023-06-26 09:57:21'),
(3, 1, 3, 1, 0, 5000, 'oka', '2023-06-26 09:57:21'),
(4, 2, 1, 1, 0, 3000, 'oka', '2023-06-26 10:31:15'),
(5, 2, 2, 1, 0, 5000, 'oka', '2023-06-26 10:31:15');

-- --------------------------------------------------------

--
-- Struktur dari tabel `user`
--

CREATE TABLE `user` (
  `id` int(11) NOT NULL,
  `username` varchar(50) DEFAULT NULL,
  `role` varchar(25) DEFAULT NULL,
  `password` varchar(225) DEFAULT NULL,
  `is_aktif` enum('true','false') NOT NULL DEFAULT 'false'
) ENGINE=InnoDB DEFAULT CHARSET=utf8mb4 COLLATE=utf8mb4_general_ci;

--
-- Dumping data untuk tabel `user`
--

INSERT INTO `user` (`id`, `username`, `role`, `password`, `is_aktif`) VALUES
(4, 'ardiansyah', 'admin', '$2y$10$xKduxmY463mI5hmD5qXpzOkmjgDz0NT.fLjM4K9l3eZHaqMvnZjvC', 'true'),
(5, 'fauzi', 'user', '$2y$10$ym4TydyiEU25.SDPDUD5..JTVru6FZ5q/Y/HHjINJRXNaNwa8zDcK', 'true'),
(6, 'user', 'user', '$2y$10$FJx.XK2vNDQRGpES0v0.re9sSsbhHBYXyfwBeBToNMN6.e/GO2lje', 'true'),
(7, 'test', 'user', '$2y$10$RA9k4u5Y7nQVSHKz2qIhE.XmPGzz48z775q.CLJL1F4o4QiF.8R6u', 'true');

--
-- Indexes for dumped tables
--

--
-- Indeks untuk tabel `barang`
--
ALTER TABLE `barang`
  ADD PRIMARY KEY (`id`);

--
-- Indeks untuk tabel `transaksi`
--
ALTER TABLE `transaksi`
  ADD PRIMARY KEY (`id`);

--
-- Indeks untuk tabel `transaksi_detail`
--
ALTER TABLE `transaksi_detail`
  ADD PRIMARY KEY (`id`);

--
-- Indeks untuk tabel `user`
--
ALTER TABLE `user`
  ADD PRIMARY KEY (`id`);

--
-- AUTO_INCREMENT untuk tabel yang dibuang
--

--
-- AUTO_INCREMENT untuk tabel `barang`
--
ALTER TABLE `barang`
  MODIFY `id` int(11) UNSIGNED NOT NULL AUTO_INCREMENT, AUTO_INCREMENT=6;

--
-- AUTO_INCREMENT untuk tabel `transaksi`
--
ALTER TABLE `transaksi`
  MODIFY `id` int(11) NOT NULL AUTO_INCREMENT, AUTO_INCREMENT=3;

--
-- AUTO_INCREMENT untuk tabel `transaksi_detail`
--
ALTER TABLE `transaksi_detail`
  MODIFY `id` int(11) NOT NULL AUTO_INCREMENT, AUTO_INCREMENT=6;

--
-- AUTO_INCREMENT untuk tabel `user`
--
ALTER TABLE `user`
  MODIFY `id` int(11) NOT NULL AUTO_INCREMENT, AUTO_INCREMENT=8;
COMMIT;

/*!40101 SET CHARACTER_SET_CLIENT=@OLD_CHARACTER_SET_CLIENT */;
/*!40101 SET CHARACTER_SET_RESULTS=@OLD_CHARACTER_SET_RESULTS */;
/*!40101 SET COLLATION_CONNECTION=@OLD_COLLATION_CONNECTION */;
